region,population,gps_coordinates
Kigali,1059315,"-1.9,30.0"
Northern,817564,"-1.7,30.2"
Southern,607278,"-1.5,30.4"
Eastern,788779,"-1.2999999999999998,30.6"
Western,826519,"-1.0999999999999999,30.8"
